Workbook

Sheet metadata
A1: =SUMPRODUCT(--ISERROR(output_0!A1:D5000)) -> 0

Sheet input_customer
A1: id | B1: first_name | C1: middle_name | D1: last_name | E1: birth_day | F1: birth_month | G1: birth_year
A2: 1 | B2: joey | D2: jones | E2: 12 | F2: 4 | G2: 1900
A3: 52 | B3: dude | C3: my | D3: bro | E3: 11 | F3: 2 | G3: 1999
A4: 42 | B4: sam | C4: I | D4: am | E4: 9 | F4: 5 | G4: 2010

Sheet input_customer_address
A1: id | B1: address_number | C1: address_street | D1: city | E1: state | F1: zip | G1: country_code
A2: 1 | B2: 234 | C2: Orchard | D2: Nova Scotia | E2: MN | F2: 23242 | G2: US
A3: 52 | B3: 525 | C3: Beach | D3: San Diego | E3: CA | F3: 74354 | G3: US
A4: 42 | B4: 89 | C4: Desert | D4: Austin | E4: TX | F4: 80480 | G4: US

Sheet concatenate_customer_data
A1: id | B1: full_name | C1: birth_date
A2: =IF(input_customer!A2=0, "", input_customer!A2) -> 1 | B2: =input_customer!B2 & " " & IF(ISBLANK(input_customer!C2), " ", input_customer!C2 & " ") &input_customer!D2 -> joey jones | C2: =DATE(input_customer!G2, input_customer!F2, input_customer!E2) -> 103
A3: =IF(input_customer!A3=0, "", input_customer!A3) -> 52 | B3: =input_customer!B3 & " " & IF(ISBLANK(input_customer!C3), " ", input_customer!C3 & " ") &input_customer!D3 -> dude my bro | C3: =DATE(input_customer!G3, input_customer!F3, input_customer!E3) -> 36202
A4: =IF(input_customer!A4=0, "", input_customer!A4) -> 42 | B4: =input_customer!B4 & " " & IF(ISBLANK(input_customer!C4), " ", input_customer!C4 & " ") &input_customer!D4 -> sam I am | C4: =DATE(input_customer!G4, input_customer!F4, input_customer!E4) -> 40307
A5: =IF(input_customer!A5=0, "", input_customer!A5) | B5: =input_customer!B5 & " " & IF(ISBLANK(input_customer!C5), " ", input_customer!C5 & " ") &input_customer!D5 | C5: =DATE(input_customer!G5, input_customer!F5, input_customer!E5) -> 36494
A6: =IF(input_customer!A6=0, "", input_customer!A6) | B6: =input_customer!B6 & " " & IF(ISBLANK(input_customer!C6), " ", input_customer!C6 & " ") &input_customer!D6 | C6: =DATE(input_customer!G6, input_customer!F6, input_customer!E6) -> 36494
A7: =IF(input_customer!A7=0, "", input_customer!A7) | B7: =input_customer!B7 & " " & IF(ISBLANK(input_customer!C7), " ", input_customer!C7 & " ") &input_customer!D7 | C7: =DATE(input_customer!G7, input_customer!F7, input_customer!E7) -> 36494
A8: =IF(input_customer!A8=0, "", input_customer!A8) | B8: =input_customer!B8 & " " & IF(ISBLANK(input_customer!C8), " ", input_customer!C8 & " ") &input_customer!D8 | C8: =DATE(input_customer!G8, input_customer!F8, input_customer!E8) -> 36494
A9: =IF(input_customer!A9=0, "", input_customer!A9) | B9: =input_customer!B9 & " " & IF(ISBLANK(input_customer!C9), " ", input_customer!C9 & " ") &input_customer!D9 | C9: =DATE(input_customer!G9, input_customer!F9, input_customer!E9) -> 36494
A10: =IF(input_customer!A10=0, "", input_customer!A10) | B10: =input_customer!B10 & " " & IF(ISBLANK(input_customer!C10), " ", input_customer!C10 & " ") &input_customer!D10 | C10: =DATE(input_customer!G10, input_customer!F10, input_customer!E10) -> 36494
A11: =IF(input_customer!A11=0, "", input_customer!A11) | B11: =input_customer!B11 & " " & IF(ISBLANK(input_customer!C11), " ", input_customer!C11 & " ") &input_customer!D11 | C11: =DATE(input_customer!G11, input_customer!F11, input_customer!E11) -> 36494
A12: =IF(input_customer!A12=0, "", input_customer!A12) | B12: =input_customer!B12 & " " & IF(ISBLANK(input_customer!C12), " ", input_customer!C12 & " ") &input_customer!D12 | C12: =DATE(input_customer!G12, input_customer!F12, input_customer!E12) -> 36494
A13: =IF(input_customer!A13=0, "", input_customer!A13) | B13: =input_customer!B13 & " " & IF(ISBLANK(input_customer!C13), " ", input_customer!C13 & " ") &input_customer!D13 | C13: =DATE(input_customer!G13, input_customer!F13, input_customer!E13) -> 36494
... A5000: =IF(input_customer!A5000=0, "", input_customer!A5000) | B5000: =input_customer!B5000 & " " & IF(ISBLANK(input_customer!C5000), " ", input_customer!C5000 & " ") &input_customer!D5000 | C5000: =DATE(input_customer!G5000, input_customer!F5000, input_customer!E5000) -> 36494

Sheet concatenate_customer_address
A1: id | B1: full_address
A2: =IF(input_customer_address!A2=0, "", input_customer_address!A2) -> 1 | B2: =IF(NOT(ISBLANK(A2)), input_customer_address!B2 & " " & input_customer_address!C2 & " " & input_customer_address!D2 & " " & input_customer_address!E2 & " " & input_customer_address!F2 & " " & input_customer_address!G2, "") -> 234 Orchard Nova Scotia MN 23242 US
A3: =IF(input_customer_address!A3=0, "", input_customer_address!A3) -> 52 | B3: =IF(NOT(ISBLANK(A3)), input_customer_address!B3 & " " & input_customer_address!C3 & " " & input_customer_address!D3 & " " & input_customer_address!E3 & " " & input_customer_address!F3, "") -> 525 Beach San Diego CA 74354
A4: =IF(input_customer_address!A4=0, "", input_customer_address!A4) -> 42 | B4: =IF(NOT(ISBLANK(A4)), input_customer_address!B4 & " " & input_customer_address!C4 & " " & input_customer_address!D4 & " " & input_customer_address!E4 & " " & input_customer_address!F4, "") -> 89 Desert Austin TX 80480
A5: =IF(input_customer_address!A5=0, "", input_customer_address!A5) | B5: =IF(NOT(ISBLANK(A5)), input_customer_address!B5 & " " & input_customer_address!C5 & " " & input_customer_address!D5 & " " & input_customer_address!E5 & " " & input_customer_address!F5, "")
A6: =IF(input_customer_address!A6=0, "", input_customer_address!A6) | B6: =IF(NOT(ISBLANK(A6)), input_customer_address!B6 & " " & input_customer_address!C6 & " " & input_customer_address!D6 & " " & input_customer_address!E6 & " " & input_customer_address!F6, "")
A7: =IF(input_customer_address!A7=0, "", input_customer_address!A7) | B7: =IF(NOT(ISBLANK(A7)), input_customer_address!B7 & " " & input_customer_address!C7 & " " & input_customer_address!D7 & " " & input_customer_address!E7 & " " & input_customer_address!F7, "")
A8: =IF(input_customer_address!A8=0, "", input_customer_address!A8) | B8: =IF(NOT(ISBLANK(A8)), input_customer_address!B8 & " " & input_customer_address!C8 & " " & input_customer_address!D8 & " " & input_customer_address!E8 & " " & input_customer_address!F8, "")
A9: =IF(input_customer_address!A9=0, "", input_customer_address!A9) | B9: =IF(NOT(ISBLANK(A9)), input_customer_address!B9 & " " & input_customer_address!C9 & " " & input_customer_address!D9 & " " & input_customer_address!E9 & " " & input_customer_address!F9, "")
A10: =IF(input_customer_address!A10=0, "", input_customer_address!A10) | B10: =IF(NOT(ISBLANK(A10)), input_customer_address!B10 & " " & input_customer_address!C10 & " " & input_customer_address!D10 & " " & input_customer_address!E10 & " " & input_customer_address!F10, "")
A11: =IF(input_customer_address!A11=0, "", input_customer_address!A11) | B11: =IF(NOT(ISBLANK(A11)), input_customer_address!B11 & " " & input_customer_address!C11 & " " & input_customer_address!D11 & " " & input_customer_address!E11 & " " & input_customer_address!F11, "")
A12: =IF(input_customer_address!A12=0, "", input_customer_address!A12) | B12: =IF(NOT(ISBLANK(A12)), input_customer_address!B12 & " " & input_customer_address!C12 & " " & input_customer_address!D12 & " " & input_customer_address!E12 & " " & input_customer_address!F12, "")
A13: =IF(input_customer_address!A13=0, "", input_customer_address!A13) | B13: =IF(NOT(ISBLANK(A13)), input_customer_address!B13 & " " & input_customer_address!C13 & " " & input_customer_address!D13 & " " & input_customer_address!E13 & " " & input_customer_address!F13, "")
A14: =IF(input_customer_address!A14=0, "", input_customer_address!A14) | B14: =IF(NOT(ISBLANK(A14)), input_customer_address!B14 & " " & input_customer_address!C14 & " " & input_customer_address!D14 & " " & input_customer_address!E14 & " " & input_customer_address!F14, "")
... A5000: =IF(input_customer_address!A5000=0, "", input_customer_address!A5000) | B5000: =IF(NOT(ISBLANK(A5000)), input_customer_address!B5000 & " " & input_customer_address!C5000 & " " & input_customer_address!D5000 & " " & input_customer_address!E5000 & " " & input_customer_address!F5000, "")

Sheet output_0
A1: id | B1: full_name | C1: birth_date | D1: address
A2: =IF(concatenate_customer_data!A2="",-1,concatenate_customer_data!A2) -> 1 | B2: =IF(A2<>-1,concatenate_customer_data!B2, "BLANK") -> joey jones | C2: =IF(A2<>-1,concatenate_customer_data!C2, -1) -> 103 | D2: =IF(A2<>-1,VLOOKUP(A2,concatenate_customer_address!A:B, 2),"BLANK") -> 234 Orchard Nova Scotia MN 23242 US
A3: =IF(concatenate_customer_data!A3="",-1,concatenate_customer_data!A3) -> 52 | B3: =IF(A3<>-1,concatenate_customer_data!B3, "BLANK") -> dude my bro | C3: =IF(A3<>-1,concatenate_customer_data!C3, -1) -> 36202 | D3: =IF(A3<>-1,VLOOKUP(A3,concatenate_customer_address!A:B, 2),"BLANK") -> 525 Beach San Diego CA 74354
A4: =IF(concatenate_customer_data!A4="",-1,concatenate_customer_data!A4) -> 42 | B4: =IF(A4<>-1,concatenate_customer_data!B4, "BLANK") -> sam I am | C4: =IF(A4<>-1,concatenate_customer_data!C4, -1) -> 40307 | D4: =IF(A4<>-1,VLOOKUP(A4,concatenate_customer_address!A:B, 2),"BLANK") -> 234 Orchard Nova Scotia MN 23242 US
A5: =IF(concatenate_customer_data!A5="","",concatenate_customer_data!A5) | B5: =IF(A5<>-1,concatenate_customer_data!B5, "BLANK") | C5: =IF(A5<>-1,concatenate_customer_data!C5, -1) -> 36494 | D5: =IF(A5<>-1,VLOOKUP(A5,concatenate_customer_address!A:B, 2),"BLANK")
A6: =IF(concatenate_customer_data!A6="","",concatenate_customer_data!A6) | B6: =IF(A6<>-1,concatenate_customer_data!B6, "BLANK") | C6: =IF(A6<>-1,concatenate_customer_data!C6, -1) -> 36494 | D6: =IF(A6<>-1,VLOOKUP(A6,concatenate_customer_address!A:B, 2),"BLANK")
A7: =IF(concatenate_customer_data!A7="","",concatenate_customer_data!A7) | B7: =IF(A7<>-1,concatenate_customer_data!B7, "BLANK") | C7: =IF(A7<>-1,concatenate_customer_data!C7, -1) -> 36494 | D7: =IF(A7<>-1,VLOOKUP(A7,concatenate_customer_address!A:B, 2),"BLANK")
A8: =IF(concatenate_customer_data!A8="","",concatenate_customer_data!A8) | B8: =IF(A8<>-1,concatenate_customer_data!B8, "BLANK") | C8: =IF(A8<>-1,concatenate_customer_data!C8, -1) -> 36494 | D8: =IF(A8<>-1,VLOOKUP(A8,concatenate_customer_address!A:B, 2),"BLANK")
A9: =IF(concatenate_customer_data!A9="","",concatenate_customer_data!A9) | B9: =IF(A9<>-1,concatenate_customer_data!B9, "BLANK") | C9: =IF(A9<>-1,concatenate_customer_data!C9, -1) -> 36494 | D9: =IF(A9<>-1,VLOOKUP(A9,concatenate_customer_address!A:B, 2),"BLANK")
A10: =IF(concatenate_customer_data!A10="","",concatenate_customer_data!A10) | B10: =IF(A10<>-1,concatenate_customer_data!B10, "BLANK") | C10: =IF(A10<>-1,concatenate_customer_data!C10, -1) -> 36494 | D10: =IF(A10<>-1,VLOOKUP(A10,concatenate_customer_address!A:B, 2),"BLANK")
A11: =IF(concatenate_customer_data!A11="","",concatenate_customer_data!A11) | B11: =IF(A11<>-1,concatenate_customer_data!B11, "BLANK") | C11: =IF(A11<>-1,concatenate_customer_data!C11, -1) -> 36494 | D11: =IF(A11<>-1,VLOOKUP(A11,concatenate_customer_address!A:B, 2),"BLANK")
A12: =IF(concatenate_customer_data!A12="","",concatenate_customer_data!A12) | B12: =IF(A12<>-1,concatenate_customer_data!B12, "BLANK") | C12: =IF(A12<>-1,concatenate_customer_data!C12, -1) -> 36494 | D12: =IF(A12<>-1,VLOOKUP(A12,concatenate_customer_address!A:B, 2),"BLANK")
A13: =IF(concatenate_customer_data!A13="","",concatenate_customer_data!A13) | B13: =IF(A13<>-1,concatenate_customer_data!B13, "BLANK") | C13: =IF(A13<>-1,concatenate_customer_data!C13, -1) -> 36494 | D13: =IF(A13<>-1,VLOOKUP(A13,concatenate_customer_address!A:B, 2),"BLANK")
A14: =IF(concatenate_customer_data!A14="","",concatenate_customer_data!A14) | B14: =IF(A14<>-1,concatenate_customer_data!B14, "BLANK") | C14: =IF(A14<>-1,concatenate_customer_data!C14, -1) -> 36494 | D14: =IF(A14<>-1,VLOOKUP(A14,concatenate_customer_address!A:B, 2),"BLANK")
A15: =IF(concatenate_customer_data!A15="","",concatenate_customer_data!A15) | B15: =IF(A15<>-1,concatenate_customer_data!B15, "BLANK") | C15: =IF(A15<>-1,concatenate_customer_data!C15, -1) -> 36494 | D15: =IF(A15<>-1,VLOOKUP(A15,concatenate_customer_address!A:B, 2),"BLANK")
A16: =IF(concatenate_customer_data!A16="","",concatenate_customer_data!A16) | B16: =IF(A16<>-1,concatenate_customer_data!B16, "BLANK") | C16: =IF(A16<>-1,concatenate_customer_data!C16, -1) -> 36494 | D16: =IF(A16<>-1,VLOOKUP(A16,concatenate_customer_address!A:B, 2),"BLANK")
... A5000: =IF(concatenate_customer_data!A5000="","",concatenate_customer_data!A5000) | B5000: =IF(A5000<>-1,concatenate_customer_data!B5000, "BLANK") | C5000: =IF(A5000<>-1,concatenate_customer_data!C5000, -1) -> 36494 | D5000: =IF(A5000<>-1,VLOOKUP(A5000,concatenate_customer_address!A:B, 2),"BLANK")
